date,kind,content,solution
전기장치,2014-12-31 ~ ,프로그램 오류로 전방 턴시그널이 정상 작동하지 않을 수 있는 가능성 발견,
차대(프레임)/차체,2014-12-31 ~ 2016-06-30,"엔진 후드 패널과 후드 2차 걸회 사이에서 오염 물질, 부식 등으로 인해 후드가 완전히 닫히지 않을 수 있는 제작결함",후르 랫치 2차 걸쇠 윤활 테스트 후 기준치 이하인 경우에 교환
조향장치,2014-12-29 ~ 2016-06-28,컨트롤 유닛 내부 이상으로 인해 전동식 파워 스티어링 조향 보조 기능이 비활성화될 수 있는 결함사항. 이로인해 조향시 많은 힘이 필요하게 되며 긴급한 상황에서의 사고 위험이 높아질수 있음.,스티어링 기어 어셈블리 교환
원동기(엔진),2014-12-29 ~ 2016-06-28,"체인 텐셔너 가스켓의 재질상의 공차로 인하여 체인 프리 텐션 기능에 영향을 줄 수 있음. 이로 인해 엔진 오일이 누유되거나 엔진오일 누유로 인한 발화 가능성을 배제 할 수 없는 결함.- 대상차종 : A200 CDI,B200 CDI,C220 BLUETEC,C220 CDI COUPE,C250 BLUETEC 4MATIC,CLA200 CDI,CLS250 BLUETEC 4MATIC,CLS250 CDI,E220 BLUETEC,E220 CDI,E250 BLUETEC 4MATIC,E250 CDI 4MATIC,E300 BLUETEC HYBRID,GLA200 CDI,GLA200 CDI 4MATIC,GLK220 CDI 4MATIC",체인 텐셔너의 가스켓 가스켓 교환
원동기(엔진),2014-12-26 ~ ,연료소비율 안전기준(제111조의4) 부적합,
완충장치,2014-12-26 ~ 2016-06-25,"볼 조인트 이탈 및 파손 결함으로 인하여 잦은 험로 주행 및 반복적인 외부 충격 이후 일상 점검/수리 없이 운행될 경우, 일부 차량에서 안전 운행에 지장을 초래할 가능성이 있음.-대상차종:렉스턴(전륜)렉스턴(후륜)렉스턴(전+후륜)카이런(전륜)카이런(후륜)카이런(전+후륜)액티언(전륜)액티언 스포츠(전륜)","전륜 볼 조인트의 경우 볼 스터드 직경이 증대된 보완 제품으로 교환 및 후륜 볼 조인트(렉스턴, 카이런 일부차량)의 경우 볼 사이즈 증대된 제품으로 교환"
조향장치,2014-12-23 ~ ,"스티어링 컬럼 컨트롤 모듈(SCCM) 내의 회로기판 통신회로의 전기적 간섭(전기적 잡음)이 발생할 가능성이 있고, 이 의외의 전기적 간섭은 전자식 안정화 컨트롤(Electronic Stability Control-ESC)에 장애를 일으킬 수 있으며, ESC 경고등을 점등시킬 수도 있음.",스티어링 컬럼 컨트롤 모듈(SCCM) 리프로그래밍을 진행
승차 및 실내장치,2014-12-23 ~ 2019-12-22,"LCD패널과 관련한 제작결함으로 키온 상태에서 LCD가 표시되지 않을 수 있으며, 이 상태로 주행할 경우 주행거리가 계산되지 않을 수 있는 결함.",LCD 패널을 내부 회로 오류가 개선된 새 부품으로 교체
연료장치,2014-12-23 ~ ,"차량 전원 통합 모듈(TIPM) 내부에 장착된 연료 펌프 릴레이가 어떤 경고 메시지 없이 작동이 안될 수 있음. 또한 주행 중 연료 펌프 릴레이가 작동이 안될 경우, 이는 사전 인지 없이 사고 발생 원인이 될수 있는 결함.","전국 크라이슬러 서비스센터에서 대상차량임을 확인 후 대상차량의 차량 엔진룸 내에 외부 연료펌프 릴레이가 장착되어있는지 확인할 것이며, 외부 연료펌프 릴레이가 장착되어 있다면 어떠한 조치 없이 그대로 고객에게 차량을 인도할 것이며, 만약 외부 연료펌프 릴레이가 장착되어 있지 않았다면 새로운 외부 연료펌프 릴레이를 장착 함."
쇽업소버 장치,2014-12-15 ~ ,조립과정에서 쇽업소버 상단 부분의 유격으로 인하여 충격흡수가 안 될 수 있는 가능성 발견,
주행장치,2014-12-12 ~ 2016-06-11,"해당 차량에 장착되어 있는 전륜 타이어가 첨부된 표에 명시되어 있을 경우 제작결함이 존재하는 것으로 판명되었고, 최근 BMW 모토라드는 최초 공장에서 장착되어 생산된 타이어 가운데 제조사가 컨티넨탈이고 특정 생산기간에 자작 및 공급된 타이어에 결함이 존재한다는 사실을 통보 받음. 주행 중 충격이나 노면의 상태에 따라 타이어의 트레드 또는 벨트가 분리될 수 있는 가능성의 결함이 확인됨.",타이어가 최초 출고 이후 결함이 확인된 타이어를 현재에도 장착하고 있는 경우 문제가 없는 타이어로 교환
연료장치,2014-12-11 ~ 2016-06-10,"연료 공급 파이프의 제조 과정 중, 연료 공급 파이프의 끝부부닝 불충분하게 용접 되었을 가능성이 있으며, 이 경우 연료 공급 파이프에서 연료가 누유 될 우려가 있음 / 본 홈페이지 내 리콜대상차량 확인 추후 예정","점검 후, 필요 시 연료 공급 파이프 어셈블리를 교환"
승차 및 실내장치,2014-12-11 ~ ,2열 시트 헤드라이너의 좌측과 우측에 장착된 보조 손잡이(Assist Grip)가 커튼 쉴드 에어백이 작동시 마운틴 브라켓에서 분리될 가능성이 있음 / 본 홈페이지 내 리콜대상차량 확인 추후 예정,2열 보조손잡이 고정부(헤드라이너) 수정
연료장치,2014-12-10 ~ 2019-12-09,"연료펌프의 작동이 불량하여, 초기 시동이 불가하거나, 주행 중 시동이 꺼질수 있는 결함",연료펌프를 개선된 신품 부품으로 교환
등화장치,2014-12-08 ~ 2016-08-31,AFL(헤드램프 자동 높이 조절장치) 컨트롤 모듈의 소프트웨어 오류로 인해 트렁크에 무거운 화물 적재 시 헤드램프의 자동 높이 조절 기능이 정상 작동하지 않는 증상,램AFL(헤드램프 자동 높이 조절장치) 모듈 재프로그램 
조향장치,2014-12-08 ~ 2016-06-08,"2013/12/23일에 국내에서 기 실시된 13R01 리콜 점검 수리 작업 중 상부 스티어링 중간 샤프트의 길이 조정이 규정값에 부합하지 않을 수 있고, 이로인해 상부 스티어링 중간 샤프트가 분리됨으로 인해 조향 조작이 불가능할 수 있음/ 본 홈페이지 내 리콜대상차량 확인 추후 예정",대상 차량 확인 후 상부 중간 스티어링 샤프트의 길이 점검 및 교환
원동기(엔진),2014-12-01 ~ ,"레진으로 제작된 풀리가 경사지게 마모될 가능성이 있으며, 지속될 경우 벨트가 벗겨져 배터리 방전 또는 엔진 과열 가능성 및 유압식 조향장치 적용 차량의 경우 조향력이 증가될 수 있음","차량에 장착된 V-자형 드라이브 벨트를 개선품 V-자형 벨트로 교체, 레진으로 제작한 풀리의 마모 여부를 확인하는 작업"
시계확보장치 기타,2014-11-28 ~ ,공차가 벗어난 선루프 스틸 금속 프레임의 원인으로 강화 유리 텐션을 감소 시켜 주변 기온이 낮은 상태에서 차량이 움푹 패인 곳을 통과 또는 도로 경계석 위를 주행 할때 선루프 스틸 프레임과 유리 사이에 직접적 접촉 가능성이 있어 유리가 파손 될 우려,
트레일링 암,2014-11-28 ~ ,"리어토션 크랭크 액슬의 트레일링 암에 대한 초기 변형은 차량에 대한 후방 충격 또는 부적절한 고속의 수지 도중에 극심한 충격에 의한 것일 수 있으며, 변형을 감지하고 수리하지 않는다면 트레일링 암이 균열 생길 수있음",
승차 및 실내장치,2014-11-28 ~ 2016-07-31,에어백 전개시 프리텐셔너가 상시 상황보다 안전벨트를 더 잡아 당긴 후 이 잠김 상태를 유지함으로써 승객을 보호하도록 되어 있으나 일부 차량에서 이 프리텐셔너 케이블이 잠김상태를 유지하지 않고 정상상태로 되돌아가는 문제가 발생함,프리텐셔너 교환
주행장치,2014-11-27 ~ ,"TPMS 센서의 결함으로 인해 타이어 공기압 데이터 전송 시 오류가 발생하게 되며, 타이어 공기압이 맞지 않는 상태로 운전하면 차의 안전성이 떨어져 사고가 발생할 수 있는 가능성의 결함-대상차종:레인지로버 디젤(3.0)레인지로버 디젤(4.4)레인지로버 휘발유(5.0)레인지로버 스포츠 휘발유(3.0)레인지로버 스포츠 디젤(3.0)",대상차량의 소프트웨어 업데이트
원동기(엔진),2014-11-27 ~ ,엔진 구동 밸트 관련 제작결함 -대상차종:F-type(3.0)F-type(5.0)XF 휘발유(2.0)XF 디젤(2.2)XF 디젤(3.0)XF 휘발유(3.0)XF 휘발유(5.0)XJ 휘발유(2.0)XJ 디젤(3.0)XJ 휘발유(3.0)XJ 휘발유(5.0),문제의 고정구를 검사하고 정확한 토크로 조정하여 수리
방향지시등,2014-11-25 ~ ,"바디 컨트롤 모듈(BCM)의 프로그램 이상으로 인해 방향지시등에 문제가 발생한 상태에서 해당 방향지시등을 작동하였을 경우, 방향지시등에 이상이 있다는 표시를 계기판에서 알려 주지 않을 수 있음",바디 컨트롤 모듈(BCM) 리프로그래밍을 진행
각종 조작 스위치,2014-11-25 ~ ,"주행 시 시동키가 ON 위치에 있으나, 특정 주행 조건(비포장 도로, 과속방지턱 등)에서 주행할 경우 시동키가 예기치 않게 ""Accessory""위치로 변경이 되어 의도하지 않게 주행 중 엔진 시동 꺼짐이 발생 될 수 있는 결함","WIN 모듈 점검 후 이상 발견 시 2차 시동키 멈춤쇠 장치를 장착, 이상이 없을 시 아무런 조치 없이 차량 인도"
원동기(엔진),2014-11-21 ~ 2016-05-20,당사 AS 네트워크 이외 정비소에서 사용하는 일반적인 고장 진단 장비로 ECM(엔진 전자제어 모듈)의 기억장소에 저장되는 연료분사 압력 값을 진단하지 못하는 현상,ECM 소프트웨어 리프로그램
승차 및 실내장치,2014-11-21 ~ 2016-05-20,사고 발생 시 전방 에어백이 올바로 팽창하지 않을 수 있는 결함,에어백 컨트롤 유닛의 소프트웨어 업데이트
승차 및 실내장치,2014-11-20 ~ 2016-05-19,조수석에 탑승한 승객이 안전벨트를 메지 않은 채로 사고가 발생한 경우 인스트루먼트 패널 상단부에 충돌하여 상해를 입을 수 있음/ 본 홈페이지 내 리콜대상차량 확인 추후 예정,인스트루먼트 패널 상단부에 충격 흡수 패드를 무상으로 설치
엔진 마운팅 장치,2014-11-19 ~ ,엔진 서브 프레임에서 1개의 금속판 부품의 제작이 잘못되어 정확하지 않은 금속판 부품의 재질 두께로 인해서 관련 부의의 균열이 발생할 수 있음,
차대(프레임)/차체,2014-11-19 ~ 2016-05-18,정확하지 않은 금속판 부품의 재질 두께로 인해서 관련 부위의 균열이 발생할 수 있어 시간이 지나면서 엔진서브 프레임의 기계적인 강도가 약해질 위험이 있고 결과적으로 차량의 움직임에 영향을 미칠 수 있는 결함,대상차량임을 확인 후 프론트 서브 프레임의 타각 번호 및 관련 부위에 균열을 확인 후 대상 차량이면 엔진 서브 프레임 교환
차대(프레임)/차체,2014-11-17 ~ ,차량 제조과정에서 해당 차량의 전면 본넷 잠금 장치가 사양에 맞지 않게 리벳 고정이 되어 있을 가능성이 발견되어 차량의 잠금 장치 상부의 내구성이 보장되지 않아 의도하지 않게 본넷이 열리게 될 수 있는 결함-대상차종:카이맨 : 1박스터 : 1 박스터 S : 3911 카레라 S : 1911 카레라 S 카브리올레 : 1911 카레라 4S : 1911 터보 S : 2911 카레라 4S 카브리올레 : 1911 터보 카브리올레 : 1911 터보 S 카브리올레 : 2,전면 본넷 잠금 장치 교체
등화장치,2014-11-15 ~ ,"제동등 스위치 불량으로 인해 제동등이 켜지지 않거나, 경우에 따라 변속 레버가 주차위치에서 움직이지 않을 수 있는 결함","차량에 장착된 제동등 스위치를 본 리콜 작업으로 고객님의 차량에 신품 제동등 스위치로 교체
(*리콜대상차량의 생산일자는 추후 업데이트 예정)"
원동기(엔진),2014-11-14 ~ 2016-05-13,흡기 밸브 부품의 강도가 표준 사양보다 약하게 제조되어 엔진 작동 중 흡기 밸브가 고장이 날 경우 엔진을 손상 시킬 수 있어 안전운행에 지장을 줄 수 있는 결함,엔진 흡기 밸브를 표준 사양의 결함이 없는 부품으로 교체
차대(프레임)/차체,2014-11-14 ~ 2016-05-13,트림패널 사이드 파트 접착 결합부가 고속 주행 시에 분리 될 가능성이 있으며 이는 트림패널 사이드 파트가 젖혀질 수 있어 안전운행에 지장을 줄 수 있는 제작결함,기존의 양쪽 트림패널 사이드 파트가 접착제로만 고정되어 있던 것에 새 고무 부싱을 삽입 후 열가소성 플라스틱 재질의 볼트를 체결
연료장치,2014-11-13 ~ 2016-05-12,"연료 압력 센서와 연료 공급 파이프 사이의 밀폐력이 약화 될 수 있고, 이로 인해 차량 운전시 해당 부분에서 연료가 누유되거나, 발화 물질이 존재할 시 차량화재의 위험을 야기시킬 수 있는 결함-대상차종: 렉서스LS460,렉서스LS460L,렉서스LS460 AWD,렉서스LS460L AWD,렉서스LS600hL,렉서스GS460,렉서스GS350,렉서스GS450h,렉서스IS250,렉서스IS250C","대상차량에 대해서 점검 후, 연료압력센서 가스켓을 대책용으로 교환"
제동장치,2014-11-11 ~ ,"수동조작 밸브에서 에어가 누기 될수 있으며, 이로 인해 차량 운행 중 공기 누기 시 주차브레이크 제동장치가 작동하여 브레이크 캘리퍼에 열이 발생하여 제동 성능에 문제가 발생 할 수 있는 결함-대상차종: TGX 26. 440 6X4 BLS, TGX 26. 480 6X4 BLS, TGX 28. 480 6X2-2 BLS",일부 잘못된 공정이 적용된 수동조작 밸브를 제작사 및 일년번호로 선별하여 정상 수동조작밸브로 교환
동력전달장치,2014-11-10 ~ 2016-05-10,체인 어저스터의 구조적 결함으로 인해 작동시 발생되는 저항을 완벽히 견디지 못해 조절볼트 접점 부위에 변형이 발생됨,개선된 드라이브 체인 어저스터 교체
동력전달장치,2014-11-07 ~ ,프로펠라샤프트 부품이 일정거리 이상 주행후 조인트 부분이 파손될 가능성이 있음- 대상차종:TGS 28. 440 6X2-2 BLSTGX 28. 440 6X2-2 BLSTGX 28. 440 6X2-2 BLS,
원동기(엔진),2014-11-04 ~ 2016-05-04,"엔진 배선 하니스에 접촉불량으로 인해 엔진 경고등 점등, 엔진 출력 감소, 불규칙한 엔진 아이들링 또는 시동 꺼짐이 발생될 수 있는 결함",대상 차량 확인 후 엔진 배선 하니스 수리
등화장치,2014-11-04 ~ 2016-05-04,"번호판등 어셈블리 내부 전기 회로에 수분으로 인한 부식이 발생될 수 있고, 부식으로 인한 전기회로의 단락으로 인해 높은 전류 소모로 과열에 의한 잠재적인 화재의 가능성이 있음",대상 차량 확인 후 고객 요청에 따라 번호판등 어셈블리 교환
배터리,2014-11-03 ~ ,배터리 플러스 배선이 시트 브라켓과 시트 사이에서 눌려 단선으로 인한 화재의 위험이 있음,
차대(프레임)/차체,2014-11-03 ~ ,"2011~2014년식 DIAVEL(모든 버젼) 모델 일부 차량의 번호판 홀더는 차량의 진동에 의해 마운트 부분에 크랙이 생길 수 있으며 이를 인지하지 못 하고 계속 주행 할 경우 번호판 홀더가 떨어져 나갈 수 있어 안전 운행에 지장을 줄 수 있음-대상차종: DIAVEL,DIVEL CARBON,DIAVEL CROMO,DIAVEL AMG,DIAVEL DARK,DIAVEL STRIPE",기존의 번호판 홀더와 마운트 부분의 체인 가드를 새롭게 디자인 된 부품으로 교환
등화장치,2014-11-03 ~ ,"헤드라이트 배선의 길이가 짧아 핸들을 좌, 우 한계점까지 돌렸을 경우 배선이 커플러에서 빠져 헤드라이트가 작동이 되지 않는 경우가 발생될 수 있는 결함",라이트 배선을 개선된 라이트 배선으로 교체
동력전달장치,2014-11-01 ~ ,드라이브 체인 핀 제조시 소재 절단에서 사용되는 공두 성능저하로 핀에 충역이 가해져 일부 체인에서 핀 파손이 발생되는 현상,
엔진 본체 기계적 구성장치,2014-10-31 ~ ,PCV부품결함으로 크랭크 케이스로 부터 발생되는 블로바이가스를 제어하지 못하여 크랭크 케이스의 압력이 비정상적으로 올라가게 되면 오일과 가스의 잔여물질들이 연소실로 유입하여 심한 진동 및 시동꺼짐 증상 발생,
클러치장치,2014-10-31 ~ ,유압클러치 부품의 문제로 인하여 클러치 조작시 동력차단이 부정확 해지는 문제를 야기할 수있음-대상차종:FLHTCU TC(울트라클래식)FLHTK(울트라리미티드)FLHTP(일렉트라 글라이드 폴리스)FLHX(스크리트 글라이드)FLHTKSE(울트라 리미티드 CVO)FLSTNSE(소프테일 디럭스 CVO)FXSBSE(소프테일 브레이크 아웃 CVO),
연료장치,2014-10-30 ~ 2016-04-29,"생산과정 중 오사양 연료 필러 캡이 장착되어 출하 되었으며, 배출가스가 대기환경보전법에 저촉될 우려가 있을 수 있는 결함","대상차량에 대해서 확인 후, 연료필러 캡을 정사양 부품으로 교환"
원동기(엔진),2014-10-24 ~ ,연료소비율 안전기준(제111조의4) 부적합,
완충장치,2014-10-20 ~ 2016-06-30,"뒤 서스펜션 토두 조정링크의 고정너트 토크 미달로 토우링크가 느슨해진 상태로 고속운행 시 차량이 좌우로 흔들릴 수 있으며, 차량 자세제어장치가 작동할 수 있고, 토우링크 나사산에 과다한 마모가 생길 수 있음. 이로인해 토우링크가 분리되면 사고의 위험이 있는 제작결함",토우링크 잠김너트의 체결상태 확인 후 규정토그 미달 시 재조임 실시
계기판,2014-10-20 ~ ,계기판의 좌우 액정패널에 있어 회로기판의 부적절한 생산 공정으로 인하여 디스플레이의 이미지가 흐트려짐 및 미조치할 경우 주행거리계 및 속도계가 보이지 않을 가능성이 있음,
동력전달장치,2014-10-20 ~ ,주행중 프로펠라 샤프트가 파손되어 운행이 중단 될수 있는 결함-대상차종:TGA 28.410 6X2-2 BLSTGA 28.430 6X2-2 BLSTGA 28.460 6X2-2 BLSTGS 28.440 6X2-2 BLSTGX 28.440 6X2-2 BLSTGX 28.480 6X2-2 BLS,"결함 가능성이 있는 기존 프로펠라 샤프트(부품번호: 수동차량-81.39323-6102, 오토차량-81.39323-6104)를 개선된 부품으로 무상 교환"
원동기(엔진),2014-10-20 ~ ,엔진 로커암 커버에서 엔진오일이 샐 수 있는 제작결함흡기쪽의 로커암 커버가 배기쪽보다 상대적으로 온도가 낮아 엔진 헤드와의 밀착성 편차로 인한 오일 누유-대상차종:TGA 26.430 6X4 BLSTGA 26.440 6X4 BLSTGA 26.480 6X4 BLSTGA 28.430 6X2-2 BLSTGA 28.440 6X2-2 BLSTGA 28.480 6X2-2 BLSTGS 28.440 6X2-2 BLSTGX 28.440 6X2-2 BLSTGX 28.480 6X2-2 BLS,결함 가능성이 있는 일부 차량의 로커암 커버 볼트를 신형으로 교환 및 오일 흡착 매트 무상설치
승차 및 실내장치,2014-10-13 ~ 2016-04-12,전면충돌 시 안전벨트 미 착용 조수석 승객의 머리가 에어백이 위치한 인스트루먼트 패널 상단 부위와 충돌 할 경우 상해가 발생할 수 있는 결함,협력서비스센터에서 대상차량임을 확인 후 충격보강패널을 무상장착
조향장치,2014-10-10 ~ ,"조향장치의 커플링 체결 장치가 정상적으로 체결되지 않은 증상이 발생할 수 있으며, 이를 시정하지 않을 경우 조향기능에 영향을 줄 수 있음","스티어링 커플링 잠금 장치 점검 후, 필요시 재조립"
동력전달장치,2014-10-08 ~ 2016-04-08,트랜스 미션 주조 공정 오류로 크랙이 발생할 수 있으며 주행중 소음 및 진동이 발생 또는 가혹한 상태에서 이탈이 될 제작결함,트랜스 미션 크랙 확인 후 크랙이 발생한 경우 트랜스 미션 교체
전기장치,2014-10-08 ~ 2016-04-08,하이브리드 시스템중 인버터의 프로그램 오류로 엔진 경고등 미 안전 모드로 진입할 제작결함,인버터(Inverter) 리프로그래밍 작업
원동기(엔진),2014-10-08 ~ 2016-04-08,"ECM (Engine Control Module) 프로그램 오류로 스로틀바디의 잘못된 신호값을 적절하게 처리 하지 못하여 엔진 경고등이 점등되거나 또는 악셀레이터 페달을 밟지 않는 상황에서 차량이 점점 가속이 될  제작결함(단, 브레이크 작동으로 감속 또는 정지할 수 있음)",ECM (Engine Control Module) 리프로그래밍 작업
동력전달장치,2014-10-07 ~ 2016-04-07,*환경부리콜*파워 트레인 컨트롤 모듈에서 특정 고장코드(P24BC)발생 시 엔진 경고등이 점등되지 않아 운전자가 이를 인식하지 못해 차량의 배기 제어 시스템에 잠재적인 문제가 발생될 수 있는 결함,차량의 파워 트레인 컨트롤 모듈 무상 업데이트
차대(프레임)/차체,2014-10-07 ~ ,특정한 형태의 후방 충돌로 차량의 연료탱크에서 연료가 누출될 가능성*참고* 리콜대상대수 : 841대(등록)+465대(말소) = 1306대,차량 점검을 통해 필요시 크로스-카 빔을 설치
승차 및 실내장치,2014-10-07 ~ ,"선바이저 램프 배선에서 선바이저, 헤드라이너, 또는 헤드라이너를 통해야하는 관련 된 수리 후, 고저항 단락이 발생할 수 있으며, 이는 사전 인지 없이 램프의 오작동과 화재 발생의 원인이 될 수 있는 결함",차량 점검을 통해 적합하지 않은 수리 절차가 있었는지 확인/ 점검을 통해 선바이저 배선의 손상이 발견되면 수리를 진행하며 추후 서비스 진행시 발생할 수 있는 배선의 손상을 방지하기 위해 선바이저 배선 가이드를 장착
전기장치,2014-10-06 ~ 2016-05-30,"차량 키에 무거운 물체를 매달아 사용하는 경우, 오프로드 주행 시, 차가 덜거덕 거릴 때 또는 무릅으로 키를 칠 때, 키가 RUN 위치에서 다른 위치(액세서리 전원 또는 OFF)위치로 돌아감",키 슬롯 또는 키 커버를 장착 후 두 개의 키 링을 새로 장착하는 리콜
등화장치,2014-10-02 ~ 2016-04-01,테일 램프 접지 핀 커넥터의 산화로 인하여 테일 램프가 어두워지거나 악화 될 경우 테일 램프가 작동하지 않을 수 있는 증상,"테일 램프 전구 마운트에 부착된 라벨 확인 후 전구 마운트 교환, 커넥터 하우징 및 핀 손상된 부품 교환"
등화장치,2014-10-02 ~ 2016-04-01,뒷쪽 범퍼에 장착되어 있는 후부반사기가 안전기준을 만족하지 못함으로 인하여 야간에 후방 운행 타 차량 운전자가 주차된 해당 차량을 인식 하는데 어려움을 줄 가능성이 확인된 제작결함,안전기준을 만족하는 새로운 등화(후부반사기 부품)로 교체
연료장치,2014-10-01 ~ ,"연료파이프의 구조적 결함으로 인해 파이프가 파손될 수 있으며, 파이프 파손시 연료 누유로 인한 시동정지의 가능성이 있음",LX/LXV/S모델 중 일부 차종의 연료라인 결함을 발견하여 해당차종의 연료라인을 교체
원동기(엔진),2014-09-30 ~ 2016-03-29,엔진 헤드커버 오일 누유로 장기간 진행 시 간헐적 알터네이터가 오염되어 작동이 불량하고 배터리 경고등 점등 및 시동불량/시동꺼짐이 발생할 수 있는 가능성,엔진 헤드커버 가스켓 점검 및 교환
연료장치,2014-09-30 ~ 2016-03-30,"저압 연료 펌프의 결함으로 인해 연료 공급 압력이 낮아질 수 있으며 엔진 경고등 점등 및 엔진 크랭킹 지연, 시동불능, 출력감소 또는 엔진 시동 꺼짐을 일으킬 수 있음",저압 연료 펌프 어셈블리 무상교환
제동장치,2014-09-26 ~ 2016-03-25,"2012년 3월부터 12월까지 생산 된 차량 중 2세대 3.0리터 TDI(디젤)엔진 장착 차량에서 브레이크 배력장치(서보)에 연결된 진공라인으로 엔진오일이 유입되어 배력장치(서보) 내 다이어프램 손상이 일어날 수 있으며 그로 인해 만일의 경우, 정상 상태 보다 제동력이 감소 될 수 있는 결함",1차 진공라인 교체 및 엔진오일 유입여부 확인 후 2차 진공라인 및 브레이크 배력장치(서보)교환
승차 및 실내장치,2014-09-22 ~ 2016-03-22,운전석 에어백이 차량 충돌 시 오작동을 할 수 있고 승객 상해의 위험이 있을 수 있는 결함이 존재하는 것으로 판명됨,운전석 에어백 내부 인플레이터(팽창기) 교환
기타장치,2014-09-19 ~ ,"운행 중 운전자의 무픞이 우연히 시동키에 부딪칠 경우 시동키가 ACC 또는 OFF 위치로 회전하여 엔진이 멈추거나 일부 전기 장치가 작동되지 않을 수 있어, 이로 인해 차량 추돌시 에어백이 작동하지 않을 수 있는 잠재적인 문제가 확인됨.",기존 시동키의 블레이드 제거후 새로운 키와 고리로 연결
승차 및 실내장치,2014-09-19 ~ ,"터미널과 커넥터 연결 부분의 접촉과 관련하여 주행 중 간헐적으로 에어백 경고등이 점등 될 수 있고, 차량 추돌 시 에어백이 작동하지 않을 수 있는 잠재적인 문제가 확인됨",운전석 에어백 코일 교환
주행장치,2014-09-11 ~ ,차량 속도가 97km/h가 되면 차의 핸들링을 돕고 차의 안정성을 높이기 위해 입출식 리어 스포일러가 자동으로 전개 위치로 올라옵니다. 시스템에 결함이 있어 스포일러가 올라오지 않을 경우에는 차의 안정성이 약화되는 것을 방지하기 위해 최고속도 217km/h로 제한되는 기능이 작동되지 않음,
원동기(엔진),2014-09-11 ~ ,전동 냉각팬의 결함으로 차량이 깊은 물 웅덩이를 지나는 때와 같은 환경을 통해 회로 단락 및 화재가 발생할 수 있는 가능성 확인 ,전동 냉각팬을 교환하는 리콜 서비스를 진행
자동변속기,2014-09-05 ~ ,변속기 트랜스퍼 커버에 있는 오일 씰 장착부의 가공 불량으로 오일 씰이 빠질 가능성을 발견함,차량 점검을 통해 불량 여부를 확인하고 개선된 트랜스퍼로 교체
승차 및 실내장치,2014-09-05 ~ 2017-01-05,앞 운전석 및/또는 조수석 시트 등받이 프레임의 각도 조절 장치 부위의 용접 부분이 규정에 적합하지 않을 수 있는 결함,앞 운전석 및/또는 조수석 시트 등받이 프레임 무상교환
각종 조작 스위치,2014-09-01 ~ ,이그니션 스위치 브라켓의 문제로 인하여 엔진 고회전주행시 스위치가 움직여 시동이 꺼질 수 있는 가능성 발견,
차대(프레임)/차체,2014-09-01 ~ 2016-02-29,자동차의 운행 중 외부의 환경등으로 급격한 타이어 파열시에 타이어 하우징 부식으로 인하여 승객보호 기능이 부족함,
전기장치,2014-09-01 ~ 2016-04-30,"차량 키에 무거운 물체를 매달아 사용하는 경우, 오프로드 주행 시, 차가 덜거덕 거릴 때 또는 무릅으로 키를 칠 때, 키가 RUN 위치에서 다른 위치(액세서리 전원 또는 OFF)위치로 돌아감",키에 장착된 링을 교환하는 리콜
원동기(엔진),2014-08-30 ~ 2016-02-29,"- BMW 6기통 가솔린엔진(N51, N52 엔진) 및 6기통 가솔린 터보엔진(N55 엔진)의 가변밸브타이밍시스템(VANOS)의 고정볼트 제작 결함으로 엔진 경고등 및 메세지가 점등되는 결함
- 가변밸브타이밍시스템이 오일 누유로 밸브타이밍을 원활하게 작동시키지 않을 가능성이 있으며, 이로 인해 엔진경고등 및 메시지가 뜨면 엔진이 안전모드로 진입 할 수 있으며 차량의 속도가 감속 될수 있음
- 대상차종:523i,530i,528i,535i,535i,535i,535iX,640i,X3 35i,GT 535i,GT 535Xi,X5 3.0Si,X5 3.0Si,X5 35i,X5 35i,X6 35i,X6 35i,135i,Z4 30i,328i,328Xi,335Xi,335i,335i,328i Cabrio,328i Cabrio",해당 차량에 대해 개선된 엔진의 가변밸브타이밍시스템(VANOS)의 고정볼트를 교체하는 리콜
승차 및 실내장치,2014-08-25 ~ 2016-03-31,"전방 시트(좌,우)를 고정하는 시트 프레임 브라켓의 용접 불량으로 인해 사고 시 시트가 프레임에서 분리될 수 있는 결함",실차 확인을 통해 용접 상태를 확인 후 용접 불량이 확인될 경우 시트 프레임을 교환하는 리콜
주행장치,2014-08-21 ~ ,SRS 안전장치 컨트롤 모듈에 일반 보정 소프트웨어 프로그램 문제 발생으로 FMVSS 208규정과 UN ECE 94 규정에 부합하지 않으며 국내 자동차안전기준에 관한 규칙 제102조와 동일한 규정임,
완충장치,2014-08-20 ~ 2016-02-19,"뒤쪽 서스펜션 구조물에 포함되어 있는 피스톤 로드가 드물기는 하나 고장이 발생할 가능성이 있고, 이로 인해 서스펜션의 최소 높이가 보장되지 못할 경우 타이어와 머드 가드가 닿을 수 있는 결함",뒤쪽 ESA 서스펜션(현가장치)을 개선된 서스펜션으로 교체 수리 
원동기(엔진),2014-08-20 ~ 2016-02-19,체인텐셔너에 이상 마모가 발생할 경우 엔진의 시동성을 떨어뜨리거나 주행 중 시동이 꺼질 수도 있는 결함,체인텐셔너를 개선된 부품으로 교환
기타장치,2014-08-14 ~ ,연료소비율 안전기준(제111조의4) 부적합,
승차 및 실내장치,2014-08-14 ~ ,운전석 6방향 파워 시트가 충돌 사고 시 시트 앞 부분 고정 고리의 용접 부위가 탈락되면서 고정 고리가 시트 레일에서 분리될 수 있는 가능성이 확인됨,모든 대상 차량 운전석 시트 고정 고리 부위 레이저 용접 설계 기준 만족 여부 검사 및 결함 시트(9개) 확인 시 무상으로 시트 교환
승차 및 실내장치,2014-08-14 ~ 2016-02-13,"동반석 앞 에어백이 전개되는 충돌이 발생할 경우, 동반석 앞 에어백 모듈에서 가스 확산기(Gas diffusor)가 고정되지 않아 에어백이 정상적으로 작동하지 않을 수 있는 결함",동반석 앞 에어백 모듈 교환
전기장치,2014-08-14 ~ 2016-02-13,"시동 키 고리에 추가적인 무게를 줄 수 있는 물품이 부착된 상태에서 비포장 도로를 주행하거나 이와 유사한 충격이 가해지면 점화 스위치의 위치가 'RUN(I)'에서 'ACCESSORY(ACC)' 또는 'OFF(O)'로 움직일 수 있으며 이로 인해 엔진이 멈추거나 일부 전기장치가 작동되지 않아 차량 추돌 시 에어백이 전개되지 않을수 있고, 변속레버가 '주차'에 위치하지 않거나 주차브레이크도 체결되어 있지 않은 상태에서 의도하지 않은 차량의 움직임이 일어날 가능성 ","개선된 점화 스위치, 점화 록 실린더, 시동 키 및 키 고리 교환"
연료파이프,2014-08-13 ~ ,연료파이프 구조 결함으로 인해 파이프가 파열되어 연료 공급 라인에서 연료가 누출될 수 있으며 이로인해 시동정지 및 화재유발의 가능성이 있음,
시계확보장치,2014-08-12 ~ 2016-07-12,"프런트 파노라마 루프 글래스가 선루프 프레임과의 접합이 충분치 않게되어 소음, 누수 또는 차량으로부터 글래스가 분리가 되어질 수 있어 잠재적인 사고 또는 부상의 위험이 증가할 수 있는 결함",프런트 파노라마 루프 글래스의 어셈블리의 생산일과 일련 번호를 확인 후 프런트 루프 글래스 어셈블리의 교환을 무상으로 제공
동력전달장치,2014-08-12 ~ 2016-07-12,우측 하프 샤프트가 인터미디어 샤프트로부터 분리가 되어질 수 있어 사고의 위험이 증가할 수 있는 결함,우측 하프 샤프트가 인터미디에이터 샤프트에 완전히 삽입되어 유지가 되어져 있는지 확인하고 만일 하프 샤프트가 완전히 안착이 되어져 있지 않는 경우 인터미디에이터 샤프트와 하프 샤프트의 교환을 무상으로 실시
조향장치,2014-08-12 ~ 2016-07-12,파워 스티어링 제어 시스템의 고장으로 인해 메뉴얼 모드로 전환이 되어질 수 있으며 저속 주행 시 조향에 과도한 힘이 요구되어 이로 인해 사고의 위험이 증가할 수 있는 결함,진단기를 사용하여 스티어링 어시스트 관련 고장코드 확인 후 기록이 되어진 경우 스티어링 기어 어셈블리를 교환하고 관련 고장코드가 없는 경우 파워 스티어링 컨트롤 모듈의 소프트웨어 업데이트를 무상으로 시행
조향장치,2014-08-12 ~ 2016-07-12,전동식 조향 시스템의 일부인 토크 센서의 고장으로 메뉴얼 모드로 전환되어질 수 있으며 이로 인해 저속 시 조향 조작에 많은 힘이 들 수 있어 사고의 위험이 증가할 수 있는 결함,포드 진단기로 결함코드 확인 후 고장코드의 기록 유무에 따라서 파워 스티어링 컨트롤 모듈과 계기판 모듈의 소프트웨어 프로그래밍 업데이트 또는 토크 센서만 교환하거나 스티어링 컬럼 어셈블리 교환을 무상제공
차대(프레임)/차체,2014-08-12 ~ 2016-07-12,겨울철에 도로에 사용되는 염화 칼슘에 의한 부식이 많은 지역에서 운행되는 경우 프런트 서브 프레임에 연결되는 로워 컨트롤 암이 프런트 서브 프레임으로 부터 분리가 되어질 수 있으며 이로 인해 차량의 방향 제어성능이 감소되어 사고의 위험이 증가할 수 있는 결함,차량의 프런트 서브 프레임에 부식에 강한 재질의 금속 브라켓 판넬을 무상으로 추가 장착
차대(프레임)/차체,2014-08-09 ~ 2016-02-29,뒷문 도어로크 제작 결함으로 인해 차일드 세이프트 로크가 작동 중 실내에서 뒷문 도어핸들을 열면 뒷문 잠금장치가 해제되고 뒷문이 개방될 가능성이 있음,개선된 도어로크를 점검하여 필요 시 교체
제동장치,2014-08-07 ~ ,우 후방 브레이크 파이프가 후방 서브프레임의 이중 브라켓과 접촉하여 우후방 브레이크 파이프가 마모되는 결함,우 후방 브레이크 파이프에 마모가 없는지 점검하여 우 후방 브레이크 파이프를 교체하고 후방 서브프레임의 이중 브라켓의 간극을 디자인 규격에 맞게 조정하는 작업
주행장치,2014-07-29 ~ ,조수석측 드라이브 샤프트가 차량 회전 시 해당 부품의 바깥쪽 연결부위가 분리될 수 있는 결함,조인트(연결) 부위가 개선된 내부 일체형 드라이브 샤프트로 교환
원동기(엔진),2014-07-29 ~ ,"능동형 정속 주행 장치(ACC) 모듈의 프로그램 이상으로 인해 정속 주행 장치에 운전자가 속도를 설정한 후, 운전자가 정속 주행 장치에 설정된 데이터보다 속도를 증가시키기 위해 가속 페달을 밟고 그 후에 운전자가 가속 페달을 밟지 않았을 경우에도 차량이 짧은 시간 동안 가속이 진행될 수 있는 결함.",능동형 정속 주행 장치(ACC) 모듈 리프로그래밍
제동장치,2014-07-29 ~ ,"브레이크 부스터에서 조기 부식 발생 우려, 부식에 의해 구멍이 발생하는 경우 수분이 빨려 들어갈 수 있으며, 이로인해 브레이크 기능에 손상이 발생할 수 있음, 영하의 날씨에서 주행하는 동안 브레이크 작동시 평소보다 더 많은 힘이 요구될 수 있음.","브레이크 부스터 테스트, 폼실드 적용 및 필요시 부스터 교환"
원동기(엔진),2014-07-25 ~ 2016-01-22,*PCV(Positive Crankcase Ventilation)밸브의 내부 부품 중 하나가 생산 과정 중에 설계 규격과 다른 성분이 혼합되어 생산됨으로 인해 해당 부품이 조기에 마모될 수 있는 결함<*PCV 밸브 : 엔진 실린더 벽과 피스톤 사이의 틈새로 미량의 혼합가스가 새어 나오는 블로바이 가스를 흡기로 환원해 다시 연소 시킬 수 있도록 하는 밸브 장치>,PCV 밸브 교환 및 스로틀바디 세척
제동장치 기타,2014-07-23 ~ ,생산공정에서 레어브레이크 레버를 조여주는 나사가 적합하지 않음,
엔진 본체 기계적 구성장치,2014-07-22 ~ ,커넥팅 로드의 나사 결합이 느슨해져 실린더에 손상을 일으킬 우려가 발견됨,
동력전달장치,2014-07-21 ~ 2016-01-21,파워 트레인 컨트롤 모듈 리프로그래밍 업데이트 시 과정의 일부인 학습 명령이 이루어지지 않을 수 있으며 이 조건으로 인해 차량의 작동에는 이상이 없으나 OBD시스템이 정상적으로 작동하지 않을 수 있는 결함,차량의 파워 트레인 컨트롤 모듈을 무상으로 업데이트
시계확보장치,2014-07-16 ~ 2016-01-16,파노라마 선루프 유리 파쇄 조각의 크기가 한국 자동차 안전 기준(KMVSS 49..4.5)에 부적합함.,대상 차량 확인 후 파노라마 선루프의 앞/뒤 유리 판넬을 무상 교체
조향장치,2014-07-14 ~ ,"좌측 또는 우측의 로워 컨트롤 암 볼 조인트와 너클을 연결하는 고정 볼트가 불완전하게 체결되어 로워 컨트롤 암이 너클에서 이탈될 수 있는 현상을 발견, 이 경우 차량의 조향 능력이 상실될 가능성이 확인 됨",로워 컨트롤 암 볼 조인트 고정 볼트를 재 조임
제동장치,2014-07-14 ~ 2016-01-13,브레이크 하이드로백의 내부 구성품 중 하나인 다이어프램이 충분하지 못한 강도로 인해 변형이 되는 결함,브레이크 하이드로 백(다이어프램 포함)과 구성품 교환
동력전달장치,2014-07-07 ~ 2016-02-29,트랜스미션의 변속을 조절해주는 변속케이블이 고정용 브라켓에 정확히 고정되지 않는 경우가 일부 차량에서 발견 됨,차량의 실차 확인을 통하여 변속 케이블의 장착 상태 확인 및 문제 발견시 케이블을 재장착
조향장치,2014-07-07 ~ 2016-01-06,스티어링 피니언플러그 풀림으로 소음발생 및 지속주행시 조향이 어려울 가능성이 있는 제작 결함,대상차량 확인 후 피니언 플러그 교환
동력전달장치,2014-07-04 ~ ,"주행 시 변속기 마운트가 파손될 가능성이 있고, 이 경우 변속기의 위치가 아래로 처질 가능성이 있며, 변속기 처짐이 심한 경우 변속기와 연결된 드라이브 샤프트가 이탈 될 수 있음.",변속기마운트 교체
동력전달장치,2014-07-04 ~ ,"주행 시 변속기 마운트가 파손될 가능성이 있고, 이 경우 변속기의 위치가 아래로 처질 가능성이 있며, 변속기 처짐이 심한 경우 변속기와 연결된 드라이브 샤프트가 이탈 될 수 있음.",변속기마운트 교환
동력전달장치,2014-07-04 ~ 2016-01-03,주행 중 변화하는 기어 박스 내 오일 압력의 부하가 최대 치에 이를 때 경우에 따라 그 압력의 힘이 오일 샤프트 씰을 제 위치에 밀려나게 하여 오일이 새어 나올 수 있는 제작결함,점검에 따라 고정판 설치 및 샤프트 씰 교환
제동장치,2014-07-03 ~ 2016-01-02,"브레이크 페달 어셈블리 내부, 브레이크 답력 감지 스위치의 터미널 용접이 불충분하여, 회로가 단선이 되어 센서의 연결이 끊어질 가능성에 대한 결함",브레이크 페달 어셈블리 교환
제동장치,2014-07-01 ~ ,2014년식 투어링 모델 ABS모델의 프론트 브레이크 라인 배열의 고정이 잘못되어 브레이크 라인에 필요 이상의 압력이 가해 질수 있음대상차종: FLHRC(로드킹클래식)FLHTCU TC(울트라클래식)FLHTK(울트라리미티드)FLHTP(일렉트라 글라이드 폴리스)FLHX(스크리트 글라이드)FLHTKSE(울트라 리미티드 CVO)FLHRSE(로드킹 CVO),
승차 및 실내장치,2014-07-01 ~ ,"프론트 전동시트 리클라이닝 스위치 레버가 고착될 경우, 지속적인 통전으로 모터의 손상 및 시트 주변 부품의 연소 등이 발생될 수 있고, 프론트 로우암의 용접 불량은 주행안정성의 문제 발생 가능성 발견",개선된 프론트 전동시트 리클라이닝 스위치 레버와 프론트 로우암으로 교체
기타장치,2014-07-01 ~ ,무선시동장치의 전자제어장치에서 오작동 발생 가능성,개선된 무선시동장치 ECU로 교체
등화장치,2014-07-01 ~ 2015-12-31,"후미등의 광도값, 번호등의 백색기준이 차량 제원 신고시 사항과 상이 한채로 생산 및 출하되었으며, 후미등은 신고된 밝기 보다 약2~3배 밝으며 번호등은 신고된 기준보다 백색에 더 가까운 상태임. ",테일 램프 앗세이 무상교체
제동장치,2014-07-01 ~ ,제조과정에서 브레이크 부스터를 장착 시에 손상을 주었을 가능성,"브레이크 부스터 손상 여부 점검, 손상 발견시 해당 브레이크 부스터 교환"
주행장치,2014-06-23 ~ 2015-12-22,알루미늄휠(19인치)의 제조 공정 중 불순물 함유 및 기공 발생 등으로 휠에 크랙이 발생할 가능성이 발견된 결함,무상 휠 교환
와이퍼 관련장치,2014-06-16 ~ 2016-01-31,차량 방전 시 와이퍼 ON상태에서 점프시동을 하거나 또는 얼음이나 눈 등으로 인해 와이퍼가 고착되어 있는 상태에서 와이퍼를 작동시키는 경우 와이퍼 모듈에 불안정한 전압이 공급되어 와이퍼가 운전자 의도대로 작동 되지 않을 수 있는 가능성에 따른 리콜,와이퍼 모듈 교환
기타장치,2014-06-16 ~ 2015-12-16,연료소비율 측정 과정에서 입력값 오류로 인해 연료소비율이 오측정 되었음,대상 고객들에게 개별 연락을 통해 보상건에 대한 설명 및 보상조치
등화장치,2014-06-13 ~ ,전조등(하향등) 전구와 전구소켓 접점의 접촉 불량으로 전조등(하향등)이 작동되지 않을 수 있는 가능성,전구 소켓 및 후드 조절 버퍼 교환* (후드조절버퍼) 엔진룸 후드(본넷)와 차체 사이에서 발생되는 진동을 줄여주는 부품
완충장치,2014-06-11 ~ 2015-12-10,"프론트 서스펜션 위시본 마운팅 볼트(프론트 서스펜션 암 고정 볼트)의 문제로 인하여 파손되면, 소음 및 방향 제어가 나빠 질 수 있는 결함",서비스센터에서 대상차량임을 확인 후 프론트 서스펜션 위시본 마운팅 볼트(프론트 서스펜션 암 고정 볼트)를 교환
완충장치,2014-06-11 ~ 2015-12-10,"프론트 서스펜션 위시본 마운팅 볼트(프론트 서스펜션 암 고정 볼트)의 문제로 인하여 파손되면, 소음 및 방향 제어가 나빠 질 수 있는 결함",서비스센터에서 대상차량임을 확인 후 프론트 서스펜션 암 고정 볼트(프론트 서스펜션 위시본 마운팅 볼트)를 교환
승차 및 실내장치,2014-06-10 ~ ,안장 손잡이 부분의 리벳 및 결합나사의 내구성 불량으로 동승석 탑승 시 잡는 안장 손잡이가 파손될 수 있으며 이로 인해 동승석 탑승자가 주행 중에 떨어질 수 있는 가능성으로 인한 결함,해당 차량 시트에 부착되어 있는 가죽 스트랩의 결탁을 강화하는 조치
연료탱크,2014-06-05 ~ 2015-12-04,"플라스틱 구조의 연료펌프 테두리가 노후화 되어 작은 응력균열이 발생 할 수 있으며 점점 커질 경우 휘발유 냄새를 동반한 미량의 휘발유가 새어 나 올 수 있음대상차종 : R1200GS, R1200GSHP2Magamoto, R1200GSHPEnduro, HP2Sport, R1200GSADV, R1200R, R1200RT, R1200ST, R1200S,  K1200S, S1000RR, K1300S, K1300R, K1300GT, K1200R, K1200RSport, K1200GT, K1600GTL",
조향장치,2014-06-05 ~ ,외부의 열과 습도로 인해 조향핸들 부위 다기능 스위치 내부에 전기적 문제가 발생하여 스위치 기능이 정상적으로 작동되지 않을 수 있는 가능성대상차종:C600SC650GTF800RF800GS800GSADVF800GTF700GSR1200GSR1200RTK1300SK1300RK1300GTS1000RRHP4K1600GTK1600GTL,다기능 스위치 교환
원동기(엔진),2014-06-02 ~ ,가변캠축의 체결나사 연결부가 변형될 수 있는 결함 대상차종:파나메라파나메라4파나메라S파나메라4S파나메라 터보카이엔S카이엔 터보,개선된 체결나사를 장착한 가변캠축으로 교체수리
승차 및 실내장치,2014-05-27 ~ ,에어백 컨트롤 모듈의 소프트웨어 문제로 인해 특정 차량의 전복 조건에서 커튼 에어백의 전개가 늦게 되어질 수 있는 결함,에어백 제어 시스템 향상(RCM 리프로그래밍)을 위해 소프트웨어 프로그램
도어,2014-05-27 ~ ,외부 도어 핸들의 조립 시 정렬 문제로 인해 도어를 닫을 시 어려움이 있을 수 있으며 또는 주행 중 의도치 않게 도어가 열릴 수 있는 결함,외부 도어 핸들의 작동을 점검하고 필요시 도어 핸들의 정렬 재 조정
원동기(엔진),2014-05-27 ~ ,엔진 실린더 헤드부위에 국부적인 과열이 발생되어 질 수 있으며 이로 인해 실린더 헤드의 크랙이 발생되어 오일의 누유가 발생이 되어 엔진룸에서 화재가 발생되어 질수 있는 결함,"엔진 제어 시스템 향상(IPC/PCM 리프로그래밍), 엔진 냉각 시스템 향상, 엔진 쉴딩 시스템 향상에 필요한 부품 및 추가 부품 장착"
승차 및 실내장치,2014-05-27 ~ ,운전석과 앞 승객석 시트 내에 설치된 에어백 배선 커넥터가 시트 스펀지의 간섭으로 커넥터에 연결된 배선이 단선될 수 있으며 이로 인해 에어백이 작동되지 않을 수 있는 결함,앞좌석 등받이에서 사이드 에어백 커넥터에 압박을 가하는 스폰지 제거
조향장치,2014-05-20 ~ 2015-11-19,"경음기(혼) 커버가 적절하게 장착되지 않아 요철 구간 지속 주행 시 경음기(혼) 커버 볼트의 체결력 저하로 소음이 발생할 수 있고 커버가 이탈될 수 있으며, 이탈될 경우 에어백 성능에 영향을 줄 수 있는 결함",경음기 커버 고정볼트 조임
차축 장치,2014-05-20 ~ 2015-11-19,내부 중공형 드라이브샤프트가 적용된 차량에서 급격한 가속 및 제동시 샤프트가 부러질 수 있음이 경우 추가적인 가속은 되지 않는 상황이나 엔진은 정상작동을 하기 때문에 제동성능은 유지됨,중공형 드라이브샤프트 교환
연료장치,2014-05-15 ~ ,국내 사양에 부합하지 않는 연료 증발시스템의 연료탱크가 장착된 결함,연료탱크 교환
전기장치,2014-05-12 ~ ,왼쪽 스위치 하우징 버튼으로 여러가지 전기 장치들의 신호를 동시에 여러 개 입력할 경우에 내부 회로에 과부하가 걸리게 됨 자체적으로 내부 회로를 보호하기 위하여 대쉬보드 소프트웨어는 안전모드로 전환되므로 안전모드 상태에서는 일부 전기장치 작동이 불가함대상차종:1199 Panigale1199 Panigale ABS1199 Panigale s1199 Panigale s Tricolore1199 Panigale R,
승차 및 실내장치,2014-05-12 ~ 2015-11-11,"운전석 전동 시트 배선과 시트 프레임의 간섭으로 인하여 마모가 될 수 있으며, 이로 인해서 배선에 마모가 되면 운전석 시트 열선 및 전동 시트 작동이 안될 수 있으며 또한 운전석 시트에어백이 잘못 전개될 수 있는 결함",운전석 시트 배선에 마모 방지를 위해 보호커버로 배선을 감싸는 작업
원동기(엔진),2014-05-02 ~ 2015-11-02,가솔린엔진 차량에서 차콜 캐니스터 안에 있는 연료 증발가스가 엔진 흡기다기관으로 보내어지지 못함으로 인해 외부온도가 놓을 경우 차량주변에 연료냄새가 발생 할 수 있음.,개선된 엔진 컨트롤 유닛 소프트웨어 버젼으로 프로그래밍 및 코딩
승차 및 실내장치,2014-05-02 ~ 2016-10-31,OCS(조수석 승객감지 시스템) 컨트롤 유닛의 알고리즘 오류로 탑승객을 인지하지 못하여 조수석 에어백이 정상적으로 작동하지 않을 가능성이 있다는 결함,OCS 프로그램 업데이트 서비스
선반/콘솔박스/음향기기,2014-05-01 ~ ,주유 경고등이 연료가 다 사용되었음에도 작동하지 않아 주행 중 예기치 않게 시동이 꺼질 가능성이 있음,
각종 조작 스위치,2014-04-28 ~ ,점화코일 배선과 엔진 배선을 연결하는 커넥터 내부 핀의 접촉불량으로 시동이 꺼지거나 RPM이 불안정해지는 현상이 발생할 가능성,"2014년 4월 28일부터 르노삼성자동차(주) 직영서비스점 및 협력정비점에서 무상으로 수리(해당 커넥터를 제거한 후, 점화코일 배선과 엔진 배선을 직접 연결)"
흡입·과급장치,2014-04-25 ~ ,인터쿨러와 터보차저 사이의 연결호스가 주행중 빠져 시동이 꺼질 가능성 발견2014년 추가리콜건(최초리콜시행:2013.12.23),레조네이터 호스의 클립이 정확한 위치 및 규정 토크 확인 후 호스를 재 장착
동력전달장치,2014-04-22 ~ ,주행중 프로펠라 샤프트가 파손되어 운행이 중단 될수 있는 결함대상차종:TGA 28.413 FNLSTGA 28.410 6X2-2 BLSTGA 28.463 FNLSTGA 28.460 6X2-2 BLSTGA 28.430 6X2-2 BLSTGA 28.440 6X2-2 BLSTGA 28.480 6X2-2 BLSTGX 28.480 6X2-2 BLSTGX 28.480 FNLS,"결함 가능성이 있는 기존 프로펠라 샤프트(부품번호: 수동차량-81.39323-6102, 오토차량-81.39323-6104)를 개선된 부품으로 무상 교환"
제동장치,2014-04-21 ~ ,"주차브레이크의 손조작 조절밸브 내부의 피스톤의 구조가 부적합하여 사용과정에서 압축공기 중에 포함된 수분에 의하여 전장이 증가, 배기밸브의 개도가 작아지는 경우가 발생할 수이 있음 이로인해 주차브레이크 챔버로 부터의 배기가 새게 되며 이러한 상태에서 계속 사용하게 되면 주차브레이크 제동력이 저하된다 미조치시 주차제동력 상실의 위험성이 있음",
승차 및 실내장치,2014-04-21 ~ 2015-10-21,"주행중 간헐적으로 SRS 경고등이 점등되고, SRS 사이드 커튼 에어백이 전개되지 않을 수 있는 결함",SRS 사이드 커튼 에어백 커넥터 쇼트단자 제거 및 쇼팅 커플러 장착
제동장치,2014-04-20 ~ ,ABS Hydraulic unit의 조립과정에서 조립속도 설정 오류로 인한 조립불량으로 ABS Hydraulic unit 내부의 Plunger가 제대로 작동되지 않아 ABS가 작동하지 않거나 ABS 작동 시 제동력이 감소될 가능성이 있음,ABS Hydraulic unit 점검 및 정비조치
기타장치,2014-04-17 ~ ,지붕에 장착된 냉각팬 고정 플레이트의 접합부 부식으로 인하여 냉각팬의 풀림 또는 냉각팬 고정 플레이트가 차량 지붕에서 떨어질 수 있는 문제,차량 지붕에 장착된 냉각팬 고정 플레이트의 장착 상태 확인 후 수리 또는 필요시 교환
동력전달장치,2014-04-14 ~ ,"주행중 변속기 출력 샤프트 균열 발생 할 수 있으며 이런 상태를 겪을 시 동력손실이 예상됨. 이 상태는 '주차' 위치로 변속, 엔진 끄기, 계기판 경고등 점등을 방해 할 수도 있으며, 차량에서 내린 후 의도하지 않은 차량 이동이 발생할 수 있음. 위 상태는 주행중 충돌을 초래할 수 있음.",변속기 출력축 샤프트 점검 및 테스트 도중 변속기 출력축 샤프트 파손의 경우 변속기 교환
제동장치,2014-04-14 ~ ,ABS 모듈의 프로그램 이상으로 인해 브레이크 페달 작동시 평소보다 더 많은 힘이 요구 되어질 수 있는 증상,ABS 모듈 리프로그래밍 작업
각종 조작 스위치,2014-04-11 ~ 2015-10-10,"사이드 스탠드 스위치의 체결 부위에 물이 스며들 수 있어 스위치가 오동작 할 수 있음대상 차종: C600SPORT, C650GT, R1200R, R1200GS, F700GS, F800GS, F800GT, F800GSADV",
엔진제어장치(ECU),2014-04-11 ~ 2015-10-10,차량의 주행 모드 중 하나인 엔듀로 프로 모드가 주행중 오토매틱스태빌리티 장치의 원활한 기능에 지장을 주어 미끄러운 노면에서의 안전한 주행을 보장 할 수 없는 문제점이 발견되어 차량 출시 전 엔듀로 프로 모드 비활성화 한 부분의 결함,엔듀로 프로모드 활성화 업데이트
배출가스 저감장치,2014-04-09 ~ 2015-10-08,생산 제어 공정에서 발생한 오류로 인해 특정기간에 생산된 2.0리터 TFSI엔진 장착 차량에 잘못된 유형의 촉매 변환기가 장착됨  ,해당 차량의 촉매 변환기 교환
트레일링 암,2014-04-04 ~ ,차의 축 방향 힘이 자주 가행지거나 제동력이 자주 인가되는 상태로 차를 오래 지속적으로 운전하면 후방 토우 링크가 후방 서브프레임에서 분리될 가능성 발견,
로어/어퍼암,2014-04-04 ~ ,우후방 서스펜션 링크암을 너클에 고정시키는 장치가 변경되는 문제 발견,
연료파이프,2014-04-03 ~ ,연료호스의 배치가 부적절하여 주변부품(브리더호스 클램프)과 간섭이 발생하여마찰에 의해 연료호스가 손상되어 연료가 누출될 가능성이 있음,연료호스 신품 교체 후 손상방지를 위한 호스클립 설치
등화장치,2014-04-01 ~ ,헤드라이트 전기배선 단자가 헤드라이트의 열로 인해 변형되어 단자가 헐거워져 빠지게 되어 전조등이 점등되지 않게 될 가능성의 결함,기존 헤드라이트 전기배선을 개선된 전기배선으로 교체
등화장치,2014-04-01 ~ ,헤드라이트 전기배선 단자가 헤드라이트의 열로 인해 변형되어 단자가 헐거워져 빠지게 되어 전조등이 점등되지 않게 될 가능성의 결함,기존 헤드라이트 전기배선을 개선된 전기배선으로 교체
엔진제어장치(ECU),2014-03-20 ~ ,엔진제어 프로그램 오류로 엔진 과열현상이 발생하여 엔진오일이 누유 될 경우 화재발생가 발생할 수 있어 안전운행에 지장*참고* 2012년 리콜에서 2014년에 추가 시행건,
원동기(엔진),2014-03-17 ~ 2015-09-16,*환경부리콜*운행 중 백연 발생,PCV 밸브 부품 교환
전기장치,2014-03-10 ~ ,중앙전자 모듈 소프트 웨어 오류로 좌측 후방 차폭등이 꺼질수도 있음,
제동장치,2014-03-10 ~ 2015-09-09,브레이크 하이드로 백 구성품 중 다이어프램의 강도 문제로 변형이 발생되어 부압이 마스터 실린더를 작동시켜 브레이크가 완전히 해제되지 않는 결과 초래 및 이로 인하여 경고등이 점등되는 결함,브레이크 하이드로 백(다이어프램 포함)과 구성품 교환
제동장치,2014-03-03 ~ ,"발전기 접지선이 느슨할 수 있고, ABS 모듈내의 프로그램 이상으로 ABS(브레이크 잠김 방지 장치) 및 ESC(전자 주행 컨트롤 장치)가 정상으로 작동되지 않을 수 있으며, 또한 계기판 프로그램의 이상으로 인해 계기판의 경고 기능이 정상작동 하지 않을 수 있는 결함","발전기 접지 조임, ABS 모듈과 계기판의 프로그램 확인 후 필요시 리프로그램"
승차 및 실내장치,2014-03-03 ~ ,"에어백 시스템 탑승자 보호 컨트롤 모듈의 필터 회로 결함으로 인해 앞좌석 에어백 및/또는 안전벨트 프리텐셔너가 의도치 않게 전개될 수 있으며, 주행 중에 잘못된 전개로 인해 운전자의 주의가 산만해질 수 있고 사전경고 없이 충돌을 유발할 수 있음",에어백 시스템 탑승자 보호 컨트롤 모듈에 직렬 다이오드 필터 회로가 설치된 점퍼 하니스 장착
배기장치,2014-02-25 ~ 2015-08-14,*환경부리콜건*배출가스 인증부품과 상이한 산고센서가 장착됨,차량 점검 후 프런트 산소센서 교환
동력발생장치(전기자동차),2014-02-25 ~ ,"`09.2.26～`14.2.5일 사이에 토요타 일본 공장에서 제작되어 판매된 프리우스(7,347대)에서  하이브리드 시스템 제어 프로그램 결함으로 주행속도가 제한되거나, 주행이 불가능하게 되는 문제점이 발견되었다. ",해당 자동차 소유자는 2014년 2월 25일부터 한국토요타자동차(주)서비스센터에서 무상으로 수리(해당 자동차 확인 후 하이브리드 시스템의 제어 프로그램 업데이트)를 받을 수 있다.
좌석 장치,2014-02-25 ~ ,`13년 국토교통부(조사기관 : 교통안전공단 자동차안전연구원)의 자기인증적합조사에서 좌석의 내인화성＊이 미국(FMVSS302) 및 국내(안전기준 제95조) 기준에 적합하지 않은 차량이 확인 되었다.(좌석 내인화성) 화재가 발생할 경우 불이 번지는 속도(기준: 102mm/분 이내)대상차종:토요타캠리토요타캠리 하이브리드토요타캠리V6토요타아발론토요타시에나2WD토요타시에나4WD,해당 자동차 소유자는 2014년 2월 25일부터 한국토요타자동차(주)서비스센터에서 무상으로 수리(해당 자동차 확인 후 개선된 시트 히터 교환)를 받을 수 있다.
원동기(엔진),2014-02-24 ~ ,로커암 샤프트를 고정하는 실링볼트의 제작결함(엔진 열간시 볼트가 풀릴 가능성)으로 인하여 엔진오일이 새거나 로커암샤프트가 이탈되어 주행중 엔진시동이 꺼질 수 있는 결함,로커암 샤프트 실링볼트를 개선된 신품으로 교체
차축 장치,2014-02-21 ~ 2015-08-20,"오랜 주행후 후륜의 유격이 커지거나, 구동장치의 베어링이 과도하게 마모되어 뒷바퀴의 안정적인 휠 회전에 문제를 줄수 있음",
엔진 본체 기계적 구성장치,2014-02-12 ~ ,"엔진벨트(파워핸들, 발전기 벨트)의 장력을 조절하는 장치(텐셔너)의 고정부싱이 조기마모 되어 소음 및 엔진벨트가 이탈 되어 안전운행에 지장*참고*2014년 추가리콜건(최초시행13.12.24)S80 184대XC70 13대XC60 29대",엔진 보조벨트와 텐셔너 교환
제동장치,2014-02-10 ~ 2015-08-09,에어드라이어의 배출라인에 장착되어 차량 외부로 에어 배출시 발생하는 소음기 문제로 하우징 상부 파손,에어 드라이어 소음기 위치수정
각종 조작 스위치,2014-01-29 ~ 2015-07-28,"트렁크 리드 라이트 전구 홀더 오류로 커넥터의 전기저항이 증가하여 미등이 정상적으로 작동할수없음대상 차종 : 520i,525i,528i,530i,528xi,535xi,535i,550i,520d,525d,535d,M5 Sedan",
엔진 본체 기계적 구성장치,2014-01-29 ~ 2015-07-28,엔진 흡기 캠샤프트 내 오일공급회로 제작 결함으로 브레이크 페달이 딱딱해질 수 있음대상차종:320i328xi328i3GT28iZ4sDrive28iX3 xDrive 28iX3 28i520i528i(XG31)528ixDrive,개선된 엔진 흡기 캠사프트로 교체
엔진제어장치(ECU),2014-01-28 ~ ,*환경부 리콜*엔진 ECU와 변속기 ECU에 적절치 않은 소프트웨어로 인해 고장코드 및 엔진 경고등 점등 가능성,PCM/TCM 리프로그램 시행
연료장치,2014-01-20 ~ ,연료인제션 리턴라인 커넥터 조인트와 연료 인젝션 스피것 사이 벌어질 가능성,연료 인젝션 리턴 파이프 교환
동력전달장치,2014-01-15 ~ ,주행시 변속기 마운트가 파손되어 변속기가 처짐,해당 변속기 마운트 교환
제동장치,2014-01-10 ~ ,프론트 브레이크 마스터 실린더의 피스톤이 불충분한 표면처리로 인하여 피스톤과 리턴 스프링 사이에 부식이 발생하여 브레이크액을 산성화시켜 피스톤과 반응시 가스를 발생시키고 이 가스는 마스터실린더에 남아 프론트 브레이크 작동시 스폰지 현상을 일으켜 제동력을 저하시킬 수 있음.,개선된 마스터실린더와 브레이크액(DOT4) 교체
연료펌프 및 휠타,2014-01-10 ~ ,우측 크랭크케이스 윗부분의 돌출부가 리어 서스펜션의 강한 완충 작용 시 리어휀더와 접촉하여 리어휀더 안쪽에 위치한 연료필터가 손상될 수 있음. 이로인해 주행중 시동이 꺼질수 있음.,개선된 우측 크랭크케이스 커버 및 관련부품 교체
디스크식 제동장치,2014-01-05 ~ ,"스윙암에 용접된 클램프가 리어 브레이크 캘리퍼를 방해할 수 있어, 패드 편마모 발생",
